,gen,evals,avg,min,max,nevals
0,0,500.0,[ 4.35208163e-01 -2.24872915e-05],[ 1.79591837e-01 -2.29669509e-05],[ 7.95918367e-01 -2.24423263e-05],
1,1,,[ 4.41167347e-01 -2.24903923e-05],[ 1.75510204e-01 -2.28762658e-05],[ 7.95918367e-01 -2.24423263e-05],381.0
2,2,,[ 4.34767347e-01 -2.24933615e-05],[ 1.42857143e-01 -2.26077513e-05],[ 7.95918367e-01 -2.24423263e-05],388.0
3,3,,[ 4.39616327e-01 -2.24951048e-05],[ 1.42857143e-01 -2.26634418e-05],[ 7.95918367e-01 -2.24423263e-05],379.0
