,gen,evals,avg,min,max,nevals
0,0,500.0,[ 4.43510204e-01 -2.05734190e-05],[ 1.51020408e-01 -2.09988396e-05],[ 7.83673469e-01 -2.05322800e-05],
1,1,,[ 4.44212245e-01 -2.05474785e-05],[ 1.51020408e-01 -2.08190633e-05],[ 8.04081633e-01 -2.05322800e-05],384.0
2,2,,[ 4.38726531e-01 -2.05435202e-05],[ 1.46938776e-01 -2.08190633e-05],[ 7.95918367e-01 -2.05323015e-05],366.0
3,3,,[ 4.38155102e-01 -2.05414629e-05],[ 1.46938776e-01 -2.07850244e-05],[ 7.91836735e-01 -2.05322800e-05],382.0
