member_0,member_1
,-45.0
,-45.0
inf,
,
,-30.0
,-45.0
,
,-45.0
,
,-45.0
,-45.0
,
,
inf,
,
,
,
,
,
,-45.0
,-45.0
,-30.0
,-45.0
,-45.0
,-45.0
,
,
,
,-45.0
,-45.0
,inf
,-45.0
,-30.0
,-32.0
-100.66666666666669,
,
,-45.0
,-45.0
,-inf
-inf,-inf
,-45.0
inf,
,-inf
,-45.0
,-45.0
,-45.0
,
,-45.0
,
,
inf,
,-45.0
,-45.0
,-45.0
,
,-inf
,
,-45.0
,
,-45.0
,-45.0
,
,-30.0
,-45.0
,-inf
,-45.0
inf,
,
-82.00000000000001,
,
,
,-45.0
,
,-45.0
,-inf
,-45.0
,
,-45.0
,
,-45.0
,-45.0
