member_0,member_1
10.733333333333334,-33.0
,-16.0
24.46666666666667,-30.0
,-12.0
,-33.0
28.75,-21.0
inf,-24.0
,-22.0
,-12.0
inf,-24.0
,-22.0
,-12.0
55.50000000000001,-12.0
inf,-18.0
,-22.0
-9.11666666666666,-33.0
-7.0,-21.0
,-22.0
,-3.0
,-11.0
,-21.0
,-12.0
,-16.0
,-15.0
24.46666666666667,-30.0
,-12.0
-34.33333333333333,-30.0
