member_0,member_1
,395.5
,
,-inf
,-406.0
,-inf
,-inf
,-inf
,-inf
,-107.33333333333334
,-24.5
inf,-inf
,
,inf
,-inf
,-inf
,
30.0354938271605,-inf
inf,-inf
inf,-inf
,-406.0
,-inf
146.5569885361552,-882.6666666666666
,-61.5
,
-inf,1738.0
,-71.5
,393.0
