member_0,member_1
,-25.333333333333336
inf,-76.22222222222223
-inf,-125.55555555555556
,-55.333333333333336
-32.900000000000006,-59.833333333333336
,-178.88888888888889
,-49.33333333333333
,-31.0
120.5,-64.0
42.8,-107.08333333333334
,-31.0
,-210.75
,-30.833333333333336
,-30.833333333333336
,-116.33333333333334
,-68.33333333333334
,-34.5
inf,-134.33333333333334
inf,-81.33333333333334
-inf,-14.5
-inf,-91.33333333333334
,-172.0
inf,-50.083333333333336
inf,-100.0
inf,-68.5
inf,-98.5
,-147.0
