member_0,member_1
-2.0,0.0
,-1.0
2.0,-9.0
-2.0,0.0
2.0,-6.0
0.0,-3.0
0.0,2.0
4.0,-3.0
2.0,-2.0
,-1.0
,-2.0
-2.0,0.0
0.0,-1.0
4.0,-1.0
6.0,-14.0
0.0,-2.3333333333333335
0.0,-1.0
2.0,-9.0
inf,-1.0
4.0,-2.0
2.0,-9.0
-2.0,0.0
-2.0,0.0
4.0,-1.6666666666666667
2.0,-2.0
2.0,-2.0
inf,-1.0
