member_0,member_1
179.66666666666663,-inf
353.0,-inf
198.0,2.0
inf,-inf
439.0,-inf
inf,-inf
237.25,-inf
-65.25,0.0
,-1.1666666666666667
,-inf
164.0,0.5
237.25,-1.5
605.5,-inf
699.0999999999999,-2.0
699.0999999999999,-3.0
,-1.5
534.6666666666667,-inf
inf,-inf
186.10000000000002,-2.0
inf,-inf
-inf,-0.5
179.66666666666663,-inf
inf,-1.3333333333333333
,-3.0
706.55,-inf
647.75,-inf
143.875,-inf
