member_0,member_1
,-1.0
,-3.0
,-1.0
inf,-1.0
-inf,-1.0
,
inf,
,-1.0
,-2.0
,-2.0
,1.0
0.0,-2.0
,1.0
,-1.0
,-1.0
-1.0833333333333335,-1.0
-inf,-inf
,0.0
0.0,-2.0
,-1.0
,-3.0
inf,
,-2.5
,1.0
,-2.5
-inf,-inf
1.3333333333333333,-2.0
