member_0,member_1
-19.166666666666668,-inf
,-15.0
,-inf
,-16.0
80.66666666666669,-16.5
,-inf
,-16.0
58.6666666666667,-23.166666666666664
-19.833333333333332,-inf
,-1.0
,-3.0
,-inf
,-16.0
,-13.0
96.33333333333329,-inf
,-inf
,-inf
,-inf
,-1.0
,-5.0
,
-inf,-inf
117.3333333333334,-20.166666666666664
,-inf
,-inf
,-1.0
,-15.0
