member_0,member_1
0.0,
4.0,-1695.3555555555488
-0.25,-inf
4.0,-inf
-0.42857142857142855,-310.39444444444445
0.0,
0.0,-inf
0.0,-331.9249999999997
2.0,-116.65972222222275
1.0,10.225000000000051
,
-0.5,
0.0,-inf
2.0,-inf
-0.4,-799.6611111111084
0.0,-211.92499999999973
-0.375,-234.77222222222161
-0.625,
0.0,
4.0,-inf
-8.0,-inf
3.0,-211.66388888888815
0.0,-331.9249999999997
-0.8333333333333334,-inf
-0.5,-989.1444444444483
,-inf
-0.5,-327.8888888888892
