member_0,member_1
13.333333333333336,-inf
,-351.16666666666663
27.791666666666664,-395.9999999999996
,
,-inf
inf,
,-inf
,
,-inf
,
,inf
,-inf
,
60.38095238095238,
,-inf
,
,-443.6039203612479
,inf
inf,
42.16666666666667,
14.666666666666668,-inf
14.666666666666668,-inf
6.333333333333335,inf
,
,-inf
,-369.33333333333337
,-inf
