member_0,member_1
1179.3972222222226,
1341.0,
320.9166666666667,-inf
972.0,-inf
-166.16666666666666,-inf
1341.0,
,
1612.5,-inf
24.583333333333375,
,
,-10.0
-624.0000000000001,-18.0
36.66666666666668,-12.0
,-inf
107.36666666666663,-inf
652.6666666666667,
,
,8.0
,-13.0
,-inf
,-inf
,
,
-118.64583333333331,inf
-17.000000000000004,-27.0
561.1111111111112,
334.3333333333333,-inf
