member_0,member_1
,
33.420138888888886,-344.2090909090909
,-101.0
inf,-inf
inf,-inf
inf,-inf
,-91.92424242424241
,
16.542968749999996,-369.11666666666713
-inf,-7.0
-inf,-73.84999999999998
inf,
,-45.0
inf,203.0
,
,-inf
,
16.542968749999996,-369.11666666666713
inf,-inf
,
,-inf
-inf,inf
,-138.59999999999997
,-91.92424242424241
inf,-inf
,-126.66666666666669
,-inf
