member_0,member_1
,17.000000000000004
,-2.2
,-1.0
-444.0,5.000000000000002
,-3.4
,1.5714285714285716
,-7.000000000000002
,-2.5
,17.000000000000004
443.99999999999983,-1.0
0.0,0.19999999999999996
,-2.090909090909091
,-2.2
-inf,0.7142857142857144
-27.0,-1.0
,17.000000000000004
0.0,-1.0
,-10.000000000000002
-inf,-1.0
-30.85714285714286,-1.75
0.0,-4.0
0.0,-1.8571428571428572
0.0,0.19999999999999996
-27.0,-1.0
0.0,-1.75
-222.0,-1.0
,-1.0
