member_0,member_1
,-inf
,-3.0
,-inf
,-1.6666666666666667
,-inf
,-1.8333333333333335
,-1.5
inf,-2.0
-41.0,-2.3333333333333335
,
,-2.3333333333333335
,-2.3333333333333335
-inf,-2.0
,-inf
,-0.5
,-inf
,-2.0
inf,-1.6666666666666667
inf,-2.0
,-1.5
,-2.0
,
-inf,-inf
,-2.0
,-inf
,-2.3333333333333335
,-inf
