member_0,member_1
-3.5000000000000013,56.33333333333333
,-385.5
153.66666666666666,-68.5
,-inf
-0.11607142857142858,-830.6666666666666
,-inf
,
,108.33333333333333
,-inf
,-116.0
,-1051.5833333333333
,-639.0
,-inf
,730.0
0.0,-949.6666666666666
4.0,-inf
,
,-61.0
,-inf
,-1039.0
,-inf
,-inf
,-inf
,-1130.6666666666665
-inf,-1062.3333333333335
,-inf
,46.833333333333314
