member_0,member_1
,-2.0
,-2.0
19.6,0.0
inf,-3.0
-inf,0.0
,-2.0
,-2.0
,-2.0
inf,-1.0
-inf,-2.0
,-2.0
17.0,-3.0
,-2.0
-inf,-2.0
inf,-2.0
2.0,-3.0
,-2.0
-inf,-3.0
0.6666666666666666,0.0
-inf,-2.5
65.66666666666667,-1.6666666666666667
,-2.0
inf,2.0
10.999999999999998,-3.0
,-1.0
,-1.0
,-2.0
