member_0,member_1
0.5909090909090908,-1350.0333333333326
,-inf
1.0833333333333333,-693.1666666666665
,-inf
9.0,-inf
0.9659090909090908,-1469.2999999999995
1.0,-467.93333333333345
,-inf
-inf,
,
,-inf
5.0,-inf
,-442.5666666666665
1.5,
0.5909090909090908,-1350.0333333333326
-inf,-659.8666666666667
0.33333333333333326,-573.9333333333336
,-inf
,-inf
,-inf
,-inf
-1.3333333333333335,-765.2333333333336
,-inf
inf,
,-inf
,-inf
,-inf
