member_0,member_1
,-inf
,-inf
,-inf
,-inf
,-inf
,
,-201.3404761904763
66459.061955965,-385.3872549019603
,-64.48333333333339
-inf,-393.43928571428614
,-275.0656746031743
,-inf
,-inf
,
,-270.3570901320904
29839.358476190464,-404.4392857142862
-inf,-304.3872549019603
,-inf
,-269.93408029878606
,
,inf
,-206.98095238095246
,-inf
,-inf
,-310.0656746031739
,-455.86091269841205
-inf,-304.3872549019603
