member_0,member_1
,-8.875
-inf,0.25
,-inf
,-16.194444444444443
,-40.78125
,-inf
,-inf
,-1.5
,-3.0500000000000007
-inf,0.25
-inf,0.5357142857142865
-inf,-24.97222222222222
,-8.925
,-inf
,-19.91111111111111
-inf,-5.125
,-inf
,-inf
,-inf
,-inf
-inf,-7.444444444444445
,
,-inf
,-3.0500000000000007
,-inf
,-inf
,-3.0500000000000007
