member_0,member_1
,-3.625
-inf,2.0
,-10.88888888888889
,-0.6666666666666665
,-2.0
,-4.4375
,2.0
,-3.8181818181818183
,0.0
0.3333333333333357,0.0
,-3.333333333333333
,
-inf,-2.0
,-6.7368421052631575
,-0.6666666666666665
-inf,0.0
inf,-5.333333333333333
inf,-1.6842105263157894
171.2277777777778,0.0
,-2.0
-inf,0.0
82.5,-21.333333333333332
10350.0,-14.0
,0.0
,-1.6842105263157894
inf,-5.111111111111111
47.52222222222222,0.0
