member_0,member_1
,
,139.49999999999977
-156.70634920634924,-5704.25
-231.83333333333331,177.5
,
-inf,
,-inf
,
inf,-321.99999999999955
,
,-2878.1666666666665
inf,-4656.0
,-inf
,
inf,
inf,-4835.5
,-3771.5833333333335
,-inf
-inf,125.33333333333368
,
,-inf
,152.50000000000003
inf,-4656.0
120.44444444444443,-3289.9166666666665
,-3040.6666666666665
,
-inf,-3276.666666666667
