member_0,member_1
,-inf
,
,
-11.75,-1821.2522498367712
53.0,-1001.7486772486757
,-inf
,
,-inf
,-inf
,
,-921.2332870707241
,-inf
,-inf
,
,-1481.1503669568203
inf,-724.5915343915344
,
,-inf
,
0.5625,
,
inf,-2012.9546737213407
,
,-354.2171957671958
,-690.5107746353517
-6.230769230769231,-inf
,
