member_0,member_1
,-573.0
inf,-711.4999999999998
,-939.8690476190467
,46.5
,90.36507936507917
,-533.8
-33.5,-722.3571428571429
,-518.8333333333336
,-240.53571428571456
,-589.8035714285706
,90.36507936507917
,-588.1666666666666
,-1008.0
,-469.29761904761943
,-1025.5
,-639.0
,-587.5
,-660.5
,-401.10714285714306
,46.5
,-518.8333333333336
,
-inf,
,90.36507936507917
,-652.3333333333334
inf,-604.9285714285714
-1.1666666666666665,-606.8749999999997
