member_0,member_1
5.666666666666666,-1.0
inf,-2.8333333333333335
23.333333333333336,-1.0
3.9375,-inf
inf,-2.0
,-6.25
inf,-inf
,-3.25
inf,-inf
,-5.0
inf,-1.5
-inf,-inf
,-inf
,-5.333333333333333
,-1.75
,
inf,-3.25
inf,-1.5
,-6.25
6.833333333333333,-1.0
5.333333333333333,-1.0
5.333333333333333,-1.0
14.333333333333334,-1.0
inf,-inf
-inf,-2.8333333333333335
inf,-3.1666666666666665
,-inf
