member_0,member_1
-31.49841269841268,
373.0,-3576.2500000000014
inf,-inf
65.0,inf
-39.49523809523811,
-31.994916194916136,-inf
-248.0,-inf
-21.250000000000014,
-642.0,
-794.0,
-142.25,
,
-inf,
,inf
-inf,-inf
65.22222222222223,
-48.0,
-71.625,
-inf,
65.0,inf
-inf,inf
55.0,
-21.250000000000014,
-20.11428571428574,
-55.875,-inf
,-inf
-55.875,
