member_0,member_1
,-126.5
,-inf
,-inf
24.0,-732.5555555555557
,-inf
,
,-inf
-inf,219.08333333333334
,-19.25
,-inf
inf,6.166666666666664
24.0,-805.2777777777778
,-99.125
,
5.333333333333333,-inf
inf,58.791666666666664
,
,
,-inf
,-inf
,-inf
,-inf
0.0,-inf
,-inf
,-inf
-inf,
,-inf
