member_0,member_1
,
,-2827.7121212121256
,-inf
,-714.1673180620561
,-749.8057351628103
inf,
inf,-2381.393518518521
,
,-579.1428571428584
-inf,
-inf,-37.31666666666722
-inf,-3001.260319419015
,
,-164.125
-inf,-inf
inf,-inf
,
,-579.1428571428584
,-inf
,
,
,
,
inf,-2381.393518518521
,-2574.1208805713404
,
-inf,-inf
