member_0,member_1
inf,-inf
22.977777777777774,
-4.622222222222222,-751.2777777777782
inf,-inf
13.866666666666667,
-2.2493506493506494,-inf
,
-3.1999999999999997,
22.977777777777774,
-2.2493506493506494,
,-1837.1111111111113
inf,-inf
-2.9875,
-inf,
-4.622222222222222,-inf
45.0,-inf
inf,
22.0,
inf,-1706.3333333333335
inf,-inf
-3.1999999999999997,
67.5,-555.8518518518508
-inf,-982.0000000000002
-4.622222222222222,-inf
,
,-780.0000000000008
inf,-inf
