member_0,member_1
,-2.8333333333333335
,-2.0
,-2.0
,-2.0
,-3.4444444444444446
,2.0
,-2.0
,-2.0
,-2.0
,-2.0
,-4.0
,-4.0
,-0.6666666666666667
,
,-3.0
,-2.0
,-3.0
,-2.0
,
,
,
,-2.0
,-2.5
,-3.0
,0.6666666666666665
,
,-2.0
