member_0,member_1
,
-15.377747252747232,-inf
,
,-71.0
,
,-67.0
,-inf
,-inf
,-102.0
,-102.0
,-inf
,-inf
35.535714285714256,-86.0
,-122.0
187403.9109615383,-inf
187403.9109615383,-inf
,-78.0
,
150084.89748677242,-82.0
,-94.0
,-inf
,
,-186.0
-4.853174603174587,-97.0
,-138.0
,
,
