member_0,member_1
-96.0473684210526,-1.3797979797979778
,-inf
6.196699669966975,-10.8
,-inf
,-inf
287.7894736842112,-18.799999999999997
inf,-inf
inf,-inf
inf,-inf
,7.8
,-inf
,-16.6
inf,-42.800000000000004
-531.0,-inf
inf,-inf
-111.36739130434782,1.1757575757575758
inf,-4.397222222222221
inf,-inf
,-inf
inf,-inf
,-45.97222222222222
,-26.615079365079364
,-inf
,34.48686868686869
6.196699669966975,-10.8
inf,9.844444444444445
-71.6377649325626,31.675000000000004
