member_0,member_1
-inf,-1.0
,0.0
-inf,-2.0
,-1.0
-433.4999999999996,-2.0
,-3.0
-inf,-2.0
inf,-1.0
,-2.0
,-2.0
inf,-5.0
,-2.0
,-1.0
,4.0
inf,-2.0
inf,-2.0
,-1.0
,0.0
inf,-2.0
,-2.0
,-2.0
,-3.0
1630.5669944069602,-3.0
,-1.0
3906.1102430555557,-1.0
,-2.0
,-3.0
