member_0,member_1
,
inf,
,-15556.699999999963
,
,
,-15077.247619047608
,
,
,-2920.416666666667
,-inf
,
,
,-inf
,-inf
-inf,-inf
,
,
,
inf,
-1739.1135420135377,
,
,
inf,-inf
,
,-7639.3333333333485
,
,
