member_0,member_1
22.325,-1.0
,-6.0
-4.505513784461153,-1.5
,-inf
,-inf
-8.969005847953216,-1.0
-9.311574074074073,-inf
,-10.0
,-0.5
-inf,-7.0
,7.0
inf,-3.0
,-3.5
inf,-6.0
22.325,-1.0
12.75,-1.5
22.166666666666664,-1.5
,-3.0
,-inf
,-2.0
,-7.0
-8.5,-0.5
,-3.0
,-inf
0.5,-1.0
,-7.0
,-4.0
