member_0,member_1
,-1.5
,-1.0
-2037.6023065476163,-0.5000000000000007
,-2.3333333333333335
,
-2053.9244047619068,-2.0
inf,-1.0
,-1.25
,-3.0
-inf,0.0
,-1.0
,-2.3333333333333335
,-1.0
-inf,0.0
inf,-1.0
,-3.0
,-1.0
,-2.3333333333333335
-1025.2499999999993,inf
,-1.6666666666666667
,-3.0
-8498.478571428579,inf
,0.0
,-3.0
,inf
,
,-1.5
