member_0,member_1
-inf,-inf
,-24.57142857142857
,-33.0
,-12.25
,-28.5
,-24.57142857142857
,-inf
194.0166666666663,-24.829365079365083
,-13.0
,-inf
,-29.0
,-93.5
,-33.0
,-58.666666666666664
,-26.0
,-32.14285714285714
,-inf
,-inf
,-70.0
,-inf
,-inf
,-inf
-inf,inf
inf,
,
,-inf
,-10.0
