member_0,member_1
,-30.5
inf,-13.5
,-25.5
,-32.5
,-20.0
,-49.0
,inf
,-18.0
,-46.166666666666664
,-57.0
inf,-40.0
,-50.5
inf,-7.666666666666666
,-27.0
inf,-27.166666666666664
,-33.25
,-60.333333333333336
,-47.0
,-59.66666666666668
,inf
,-34.5
,-65.0
,-28.0
-inf,-70.33333333333333
,-38.0
inf,-40.0
,-38.0
