member_0,member_1
13.5,-inf
inf,551.5833333333343
-inf,
-477.91666666666663,-582.9166666666711
-122.50000000000001,-365.9166666666662
inf,-inf
-477.91666666666663,-582.9166666666711
46.0,-659.7083333333334
6.999999999999999,-inf
-1242.6666666666667,-inf
inf,
0.0,-inf
-477.91666666666663,-582.9166666666711
-237.0,-inf
,-inf
-inf,
inf,-inf
0.0,
-1242.6666666666667,-inf
0.0,-inf
-14.416666666666666,
-inf,-inf
inf,-inf
inf,-inf
122.00000000000001,-inf
inf,
,-136.75
