member_0,member_1
,-1.0
,-1.3333333333333333
,-1.0
,-0.5
-inf,-1.0
,-1.0
inf,-0.8999999999999999
,-1.0
,-1.0
,-1.6
,0.0
,-0.6923076923076924
,
inf,-0.625
,-1.0
,-0.6000000000000001
-inf,-1.0
,-1.0
,-0.42857142857142855
,-0.6000000000000001
,-0.6666666666666666
inf,-0.875
,-0.8
,-1.0
,-1.0
-inf,-1.0
inf,-1.0
