member_0,member_1
-0.02083333333333348,-7.5
263.5,-23.5
0.0,-33.0
,-9.833333333333336
,-inf
0.0,-10.833333333333336
116.38888888888889,-25.0
-inf,-24.833333333333336
,-inf
inf,-inf
-298.375,3.166666666666666
82.0,inf
-0.011904761904762085,-21.0
,
inf,-19.5
0.0,-10.833333333333336
-2.875,
-inf,-16.0
,-inf
223.5,0.16666666666666607
239.5,-19.333333333333336
,-inf
-3.8055555555555567,-35.5
-297.4722222222223,-12.0
,-13.0
-inf,-16.0
-inf,-9.333333333333336
