member_0,member_1
-inf,-inf
,-inf
,-inf
,-3.7142857142857144
-1673.25,-inf
-537.0,-inf
607.25,-inf
,-inf
,-inf
,-7.409090909090909
,0.5
,-inf
,-8.25
,-23.0
222.20833333333198,-34.5
,-inf
,-0.7142857142857144
,-13.5
,-39.0
,-inf
-3008.5,-0.20000000000000018
-inf,-inf
,-7.666666666666667
,-4.411764705882353
,-23.0
,-inf
inf,-4.909090909090909
