member_0,member_1
,-52.666666666666686
,-inf
,-114.0
-8032.541587301584,112.0
,-120.66666666666669
,156.0
,-inf
,-158.66666666666669
,-122.33333333333331
-inf,-inf
inf,-185.5
,-186.1666666666667
,-114.0
,142.0
,-inf
,-122.33333333333331
,
,-inf
-inf,-inf
,-142.75
,-inf
,-113.0
inf,-185.5
,-124.75
inf,
-4079.3415873015892,-111.5
,
