member_0,member_1
-20.0,-inf
,-inf
0.0,-inf
,-inf
,-inf
0.0,
0.0,-38.0
3.0318181818181813,25.5
,-35.0
-24.0,-37.0
0.0,-40.0
3.0,-39.5
0.0,-inf
,-inf
-0.8,-52.5
-10.153846153846153,-38.0
-13.866666666666665,27.0
2.408668730650155,-35.0
0.0,-42.0
,-inf
,
-0.7387387387387393,-31.0
-8.177777777777779,-inf
,-inf
-8.0,-40.0
4.800000000000001,-44.0
-13.866666666666665,27.0
