member_0,member_1
0.13333333333333333,-0.6666666666666666
0.0,-6.0
-6.0,-9.0
0.0,-inf
2.5,-0.3333333333333333
0.13333333333333333,-0.6666666666666666
0.513888888888889,-3.5
7.913333333333333,-inf
-inf,inf
4.6,-inf
0.3333333333333333,-46.66666666666667
,
,-inf
0.13333333333333333,-0.6666666666666666
0.13333333333333333,-2.0
4.8933333333333335,-inf
0.0,-inf
0.0,-inf
,-inf
-0.25,-30.0
4.866666666666666,-inf
inf,-1.0
0.0,-inf
0.0880952380952381,-0.5
-1.0,-inf
-0.21875,-1.375
-6.0,-7.0
