member_0,member_1
inf,inf
,
8.333333333333332,-inf
0.6666666666666661,-inf
22.333333333333332,inf
,
-inf,
0.0,-inf
,-924.0
,
,-inf
inf,
11.916666666666664,-inf
16.499999999999996,-inf
,
inf,-inf
12.499999999999998,-inf
10.583333333333332,
,-inf
0.0,
4.333333333333332,-inf
-19.0,-inf
inf,-inf
42.333333333333336,
,
,
,-inf
